channel_name,markov_result,first_touch,last_touch,linear_touch,total_cost,chanel_weight,cost_weight,roas,optimal_budget,CPA
Facebook,5940.39092991379,5908,6052,5957.793872194312,1481.7,0.30288027991198646,0.3050836988078325,0.9927776577232534,1470.9986554485447,0.24942802880845136
Instagram,3665.366410561627,2634,2555,2570.135474419468,641.2,0.18688453630559462,0.13202380217019788,1.4155366928811313,907.6421274753815,0.17493476181600953
Online Display,2212.9446308119614,2271,2246,2234.8089611535465,554.9,0.11283050174944992,0.1142545349723063,0.9875363089683789,547.9838978465534,0.2507518680195804
Online Video,3250.793023843018,3803,3992,3937.3872710913865,991.8,0.16574685279370918,0.20421273704367163,0.811638172981657,804.9827399632073,0.3050947854033214
Paid Search,4543.505004869603,4997,4768,4912.87442114129,1187.1,0.23165782923925982,0.2444252270059917,0.9477656299101282,1125.0925792663131,0.26127406016449833
