channel_name,markov_result,first_touch,last_touch,linear_touch,total_cost,chanel_weight,cost_weight,roas,optimal_budget,CPA
Facebook,8904.757486261127,9094,9263,9108.63944568849,1481.7,0.2965089733038468,0.3050836988078325,0.9718938588410561,1440.0551306447928,0.16639420021107468
Instagram,6491.398617065868,3916,3921,3886.825160312714,641.2,0.21614939454801105,0.13202380217019788,1.6372001941692533,1049.7727645013254,0.09877686425145532
Online Display,3455.4643957703156,3666,3491,3506.1682016041004,554.9,0.11505941648143032,0.1142545349723063,1.0070446351150886,558.8090680253626,0.16058622993749525
Online Video,4784.541575655549,5576,5950,5813.887336068586,991.8,0.15931478341953748,0.20421273704367163,0.7801412670232584,773.7441086336676,0.2072925868272154
Paid Search,6395.83792524714,7780,7407,7716.479856326117,1187.1,0.21296743224717435,0.2444252270059917,0.8712989033736431,1034.3189281948517,0.18560507847048507
