channel_name,markov_result,first_touch,last_touch,linear_touch,total_cost,chanel_weight,cost_weight,roas,optimal_budget,CPA
Facebook,8720.646920714968,8922,9129,8940.57985542329,1481.7,0.2919435881194124,0.3050836988078325,0.9569294893835123,1417.8824244195503,0.16990711967484656
Instagram,6266.941067242541,4013,3882,3906.383209487774,641.2,0.2098001763329832,0.13202380217019788,1.5891087280043659,1018.9365163963995,0.1023146688504171
Online Display,3450.664829151437,3576,3464,3447.4406890545333,554.9,0.11551889220820988,0.1142545349723063,1.0110661448686482,561.0406037876129,0.1608095910423317
Online Video,4838.557669567642,5727,6086,5992.6074301345225,991.8,0.1619817772946216,0.20421273704367163,0.7932011471937777,786.6968977867887,0.20497843938865856
Paid Search,6594.189513323412,7633,7310,7583.988815899967,1187.1,0.22075556604477292,0.2444252270059917,0.9031619556984658,1072.1435576096487,0.1800221236592444
